{"products":[{"id":"0.052751755186937865","qty":1}],"totalPrice":12.560000000000008}